"","old_bids","new_bids"
"1",9,15
"2",23,16.65
"3",19,15.75
"4",9,14.125
"5",9,18.7142857142857
"6",4,18.75
"7",14,16.8888888888889
"8",11,12.2857142857143
"9",16,17.8888888888889
"10",16,20
"11",10,2.5
"12",22,12.01
"13",9,26.1
"14",14,9.75
"15",1,13.625
"16",12,17.7142857142857
"17",15,17.65
"18",4,20.6666666666667
"19",14,15.4444444444444
"20",13,16.75
